<?xml version="1.0" encoding="UTF-8"?>
<driver-entities>
	<driver-entity>
		<id>jdbcmysql8d0jre8</id>
		<driver-class-name>com.mysql.cj.jdbc.Driver</driver-class-name>
		<display-name>mysql-connector-java-8.0.23</display-name>
		<jre-version>8</jre-version>
		<database-name>MySQL</database-name>
		<database-versions>
			<database-version>8.0</database-version>
			<database-version>5.7</database-version>
			<database-version>5.6</database-version>
		</database-versions>
	</driver-entity>
	<driver-entity>
		<id>jdbcoracle21d1jre8</id>
		<driver-class-name>oracle.jdbc.OracleDriver</driver-class-name>
		<display-name>ojdbc8-21.1.0.0</display-name>
		<jre-version>8</jre-version>
		<database-name>Oracle</database-name>
		<database-versions>
			<database-version>19.x</database-version>
			<database-version>18.3</database-version>
			<database-version>12.2</database-version>
			<database-version>12.1</database-version>
			<database-version>11.2</database-version>
		</database-versions>
	</driver-entity>
	<driver-entity>
		<id>jdbcpostgresql42d2jre8</id>
		<driver-class-name>org.postgresql.Driver</driver-class-name>
		<display-name>postgresql-42.2.19</display-name>
		<jre-version>8</jre-version>
		<database-name>PostgreSQL</database-name>
		<database-versions>
			<database-version>8.2+</database-version>
		</database-versions>
	</driver-entity>
	<driver-entity>
		<id>jdbcsqlserver9d2jre8</id>
		<driver-class-name>com.microsoft.sqlserver.jdbc.SQLServerDriver</driver-class-name>
		<display-name>mssql-jdbc-9.2.1.jre8</display-name>
		<jre-version>8</jre-version>
		<database-name>SQL Server</database-name>
		<database-versions>
			<database-version>2019</database-version>
			<database-version>2017</database-version>
			<database-version>2016</database-version>
			<database-version>2014</database-version>
			<database-version>2012</database-version>
		</database-versions>
	</driver-entity>
</driver-entities>
